{"m":2,"N":4096,"t_values":[0.010000000000000002,0.011497569953977356,0.013219411484660288,0.01519911082952934,0.01747528400007684,0.02009233002565047,0.023101297000831605,0.026560877829466867,0.030538555088334154,0.03511191734215131,0.040370172585965536,0.046415888336127774,0.0533669923120631,0.06135907273413173,0.07054802310718646,0.08111308307896872,0.093260334688322,0.10722672220103231,0.12328467394420659,0.14174741629268056,0.16297508346206444,0.1873817422860384,0.21544346900318834,0.24770763559917114,0.2848035868435802,0.32745491628777285,0.37649358067924676,0.43287612810830595,0.49770235643321115,0.5722367659350217,0.6579332246575679,0.7564633275546291,0.8697490026177834,1.0,1.1497569953977356,1.3219411484660286,1.5199110829529332,1.747528400007683,2.0092330025650478,2.31012970008316,2.656087782946687,3.0538555088334154,3.511191734215131,4.037017258596554,4.6415888336127775,5.336699231206307,6.135907273413176,7.054802310718645,8.111308307896872,9.326033468832199,10.722672220103231,12.32846739442066,14.174741629268048,16.297508346206435,18.73817422860385,21.544346900318846,24.770763559917114,28.48035868435802,32.74549162877728,37.64935806792467,43.28761281083057,49.77023564332109,57.2236765935022,65.79332246575683,75.64633275546291,86.97490026177834,100.0,114.97569953977356,132.19411484660287,151.99110829529332,174.7528400007683,200.92330025650458,231.0129700083158,265.6087782946684,305.38555088334124,351.11917342151344,403.70172585965577,464.1588833612782,533.6699231206312,613.5907273413176,705.4802310718645,811.1308307896873,932.60334688322,1072.2672220103232,1232.8467394420659,1417.4741629268049,1629.7508346206434,1873.817422860383,2154.4346900318824,2477.076355991709,2848.035868435799,3274.5491628777318,3764.9358067924713,4328.7612810830615,4977.023564332114,5722.3676593502205,6579.332246575683,7564.633275546291,8697.490026177835,10000.0],"network":"barabasi-albert","f_c":0.8797595190380761,"avg_entropy":[8.40975680359081e-5,0.00010981641402728942,0.0001431536173516393,0.00018624808783124862,0.00024178484008164207,0.00031311032098687815,0.00040436195057620494,0.0005206095037719387,0.000668004141968313,0.0008539289957113652,0.0010871436421318011,0.0013779143015091632,0.0017381229994994998,0.0021813532568164965,0.002722957721784422,0.0033801243402143103,0.0041719704479278984,0.005119704906103533,0.006246901633130339,0.00757991765077271,0.009148461021637005,0.010986269783610423,0.013131810493228778,0.015628859848844906,0.018526814702117603,0.021880602991855055,0.02575015322406207,0.03019952754298351,0.03529602950449285,0.041109848558766114,0.0477150666177505,0.05519305969767928,0.06363935109006454,0.07317460102344744,0.08395935717823455,0.09621011630366133,0.11021096633083895,0.12631088706958776,0.1448931250238949,0.16630336031779291,0.19073328117149613,0.21808074642088784,0.24784322166691444,0.27912478770117133,0.31081131569761283,0.34187813012448415,0.37169011724021506,0.40013031184388403,0.4274906880818601,0.45420822047667914,0.4806135515066646,0.5068219085608807,0.5327787355373856,0.5583743706106183,0.5835312626450834,0.6082256244400687,0.6324641497084109,0.6562536578808091,0.6795859039693857,0.7024381472107232,0.7247794516383659,0.7465747610358936,0.7677853520104192,0.7883675766104716,0.8082713193563654,0.8274387838187167,0.8458044513782675,0.8632970637009352,0.8798434950037908,0.8953732614432042,0.9098223083410609,0.923135702619921,0.9352699552688104,0.9461958913079216,0.9559021976086988,0.964398814479256,0.9717189782568477,0.9779190980301755,0.9830763662957697,0.9872846039288736,0.9906490968207025,0.9932811303403638,0.9952927415868728,0.9967920459887589,0.9978794087348469,0.9986446721359306,0.999165535093077,0.9995069985017678,0.9997216317966606,0.9998503863229453,0.9999237788574902,0.9999633759020756,0.9999835157218523,0.9999931197452928,0.9999973752945364,0.9999991023919388,0.9999997313273746,0.9999999315409843,0.9999999856025656,0.9999999975839338],"avg_cv":[0.0007960265575731186,0.0009775341842293984,0.0012650081768069822,0.0016322297879607912,0.0020991348571777237,0.002689691243024602,0.0034323239250423497,0.004360231022250496,0.005511529924312994,0.006929177641486208,0.008660633126374013,0.010757279197228898,0.01327370182363992,0.01626703017327958,0.01979665216701527,0.023924698012433444,0.028717671454982295,0.03424944499804254,0.04060548574834741,0.0478876695297755,0.05621848965482554,0.06574307631674049,0.07662744821282877,0.08905199663020844,0.10320039128032207,0.11924577663487608,0.13733807622444327,0.15759818969031372,0.18012656494935292,0.20503458462851262,0.23250651504671163,0.262895830153628,0.2968501817117314,0.33544140806199385,0.3802488989780132,0.43330805802082806,0.49680079358937934,0.5723588437475626,0.6599249883155249,0.7563406800279314,0.8542278940947318,0.9421535577371666,1.0070478115290091,1.038839984051045,1.0354050527023713,1.0046219172608273,0.961433076204752,0.9211124276253011,0.8927991693448751,0.8771457244961883,0.8688580293806336,0.8615871175140655,0.8516251036819892,0.8386016198011184,0.8239548482113688,0.8091042256191169,0.7945816345038728,0.7801554732186278,0.7653379006774836,0.7497428302280336,0.7331503312045673,0.7154166644184597,0.6963907822287814,0.6758824243166668,0.6536596494501963,0.6294670577237198,0.6030711958492672,0.5743198713053457,0.5431821600260127,0.5097488632321414,0.47420726900704335,0.4368239403463235,0.3979560253852019,0.3580801488689333,0.3178086781592513,0.27787029557925785,0.23905411825331518,0.2021347795988339,0.16780034554941145,0.13659820366874292,0.10890394285085683,0.08491111454187542,0.06463754190432092,0.04794472608739991,0.034567827117352484,0.024152685842604694,0.01629412772782652,0.010569249111931828,0.006562388205659823,0.003883143440592809,0.002181034457938325,0.0011583794153877734,0.0005792353092538508,0.00027095188026006624,0.00011735941490593792,4.6351561917068984e-5,1.6351575009423078e-5,5.024577867154051e-6,1.3072846126727344e-6,5.10528394780589e-7]}